origem,destino,data,duracao
(31) 99000-0505,(31) 99000-0404,2023-01-12 10:15:00,95
(31) 99000-0404,(31) 99000-0505,2023-01-12 10:40:00,40
(31) 99000-0606,(31) 99000-0404,2023-02-03 15:20:00,120
(31) 99000-0505,(31) 99000-0606,2023-02-09 09:05:00,30
(31) 99000-0404,(31) 99000-0101,2023-03-08 21:30:00,200
(31) 99000-0101,(31) 99000-0404,2023-03-08 21:45:00,310
(31) 99000-0404,(31) 99000-0303,2023-03-09 22:10:00,150
(31) 99000-0202,(31) 99000-0101,2023-03-10 22:14:00,420
(31) 99000-0101,(31) 99000-0202,2023-03-10 23:05:00,610
(31) 99000-0202,(31) 99000-0101,2023-03-11 23:40:00,90
(31) 99000-0101,(31) 99000-0202,2023-03-12 22:30:00,780
(31) 99000-0202,(31) 99000-0101,2023-03-13 06:50:00,60
(31) 99000-0101,(31) 99000-0303,2023-03-13 20:10:00,300
(31) 99000-0303,(31) 99000-0101,2023-03-14 08:05:00,120
(31) 99000-0101,(31) 99000-0202,2023-03-14 22:55:00,540
(31) 99000-0202,(31) 99000-0101,2023-03-15 07:30:00,75
(31) 99000-0101,(31) 99000-0202,2023-03-15 23:20:00,660
(31) 99000-0303,(31) 99000-0202,2023-03-15 23:50:00,180
(31) 99000-0101,(31) 99000-0404,2023-03-16 09:00:00,95
(31) 99000-0303,(31) 99000-0404,2023-03-17 14:25:00,130
(31) 99000-0404,(31) 99000-0303,2023-03-17 14:50:00,220
(31) 99000-0101,(31) 99000-0303,2023-03-20 11:11:00,85
(31) 99000-0202,(31) 99000-0303,2023-04-01 22:40:00,350
(31) 99000-0303,(31) 99000-0202,2023-04-02 23:15:00,420
(31) 99000-0202,(31) 99000-0303,2023-04-03 22:05:00,260
(31) 99000-0303,(31) 99000-0202,2023-04-03 23:30:00,380
(31) 99000-0202,(31) 99000-0303,2023-04-04 08:10:00,160
(31) 99000-0101,(31) 99000-0202,2023-04-05 21:50:00,240
(31) 99000-0202,(31) 99000-0101,2023-04-20 10:00:00,45
(31) 99000-0101,(31) 99000-0303,2023-05-02 16:00:00,65
(31) 99000-0303,(31) 99000-0101,2023-05-18 17:20:00,50
(31) 99000-0404,(31) 99000-0202,2023-06-10 10:10:00,70
(31) 99000-0202,(31) 99000-0404,2023-06-10 10:30:00,110
123,(31) 99000-0101,2023-03-10 10:00:00,10
